Gene,Gene synonym,Ensembl
F9,FIX,ENSG00000101981
CFHR2,"CFHL2, FHR2, HFL3",ENSG00000080910
HPX,,ENSG00000110169
BX248415.1,,ENSG00000276911
SPP2,SPP24,ENSG00000072080
MBL2,"COLEC1, MBL",ENSG00000165471
FGA,,ENSG00000171560
SLCO1B1,"LST-1, OATP-C, OATP1B1, SLC21A6",ENSG00000134538
HAO1,"GOX, GOX1",ENSG00000101323
F2,,ENSG00000180210
C9,,ENSG00000113600
APOH,"B2G1, BG",ENSG00000091583
FGG,,ENSG00000171557
SERPINA7,TBG,ENSG00000123561
SLC17A2,NPT3,ENSG00000112337
ADH1A,ADH1,ENSG00000187758
APOA2,,ENSG00000158874
C8A,,ENSG00000157131
UGT2B10,,ENSG00000109181
GDF2,"BMP-9, BMP9",ENSG00000263761
AHSG,"A2HS, FETUA, HSGA",ENSG00000145192
APOC4-APOC2,,ENSG00000224916
INHBC,,ENSG00000175189
CFHR5,"CFHL5, FHR-5, FHR5",ENSG00000134389
ITIH3,H3P,ENSG00000162267
SERPINA10,"PZI, ZPI",ENSG00000140093
APOA5,"APOA-V, RAP3",ENSG00000110243
HRG,"HPRG, HRGP",ENSG00000113905
SERPINC1,"AT3, ATIII, MGC22579",ENSG00000117601
ITIH2,H2P,ENSG00000151655
FGB,,ENSG00000171564
CFHR4,"CFHL4, FHR-4, FHR4",ENSG00000134365
A1BG,,ENSG00000121410
CFHR1,"CFHL, CFHL1, CFHL1P, CFHR1P, FHR1, H36-1, H36-2, HFL1, HFL2",ENSG00000244414
AGXT,"AGT, AGT1, AGXT1, PH1, SPAT, SPT",ENSG00000172482
CFHR3,"CFHL3, DOWN16, FHR-3, FHR3, HLF4",ENSG00000116785
CYP2A6,"CPA6, CYP2A, CYP2A3",ENSG00000255974
SLC22A25,"HIMTP, MGC120420, UST6",ENSG00000196600
APOB,,ENSG00000084674
HGFAC,"HGFA, HGFAP",ENSG00000109758
SERPINA11,,ENSG00000186910
CYP2A7,CYP2A,ENSG00000198077
SAA4,"C-SAA, CSAA",ENSG00000148965
CYP2C8,CPC8,ENSG00000138115
CCL16,"CKb12, HCC-4, LCC-1, LEC, LMC, Mtn-1, NCC-4, SCYA16, SCYL4",ENSG00000275152
CPN1,,ENSG00000120054
FGF21,,ENSG00000105550
UGT2B4,UGT2B11,ENSG00000156096
MASP2,MASP1P1,ENSG00000009724
CREB3L3,CREB-H,ENSG00000060566
F13B,FXIIIB,ENSG00000143278
ITIH1,"H1P, IATIH, ITIH",ENSG00000055957
RTP3,"LTM1, TMEM7, Z3CXXC3",ENSG00000163825
ACSM2A,"A-923A4.1, ACSM2, MGC150530",ENSG00000183747
SLC25A47,C14orf68,ENSG00000140107
CYP2E1,CYP2E,ENSG00000130649
ABCG5,STSL,ENSG00000138075
AC002094.3,,ENSG00000273171
CPB2,"CPU, PCPB, TAFI",ENSG00000080618
ALB,,ENSG00000163631
APCS,"MGC88159, PTX2, SAP",ENSG00000132703
APOC2,,ENSG00000234906
CYP4A11,"CYP4A2, CYP4AII",ENSG00000187048
KLKB1,KLK3,ENSG00000164344
AMBP,"EDC1, HCP, HI30, IATIL, ITI, ITIL, ITILC, UTI",ENSG00000106927
LPA,"LP, Lp(a)",ENSG00000198670
CYP7A1,CYP7,ENSG00000167910
ACSM2B,"ACSM2, HXMA, HYST1046",ENSG00000066813
PRAMEF10,,ENSG00000187545
CRP,PTX1,ENSG00000132693
SLC13A5,"INDY, NACT",ENSG00000141485
HAO2,"GIG16, HAOX2",ENSG00000116882
RDH16,"RODH-4, SDR9C8",ENSG00000139547
SLC17A1,"NAPI-1, NPT1",ENSG00000124568
C5,"C5a, C5b, CPAMD4",ENSG00000106804
APOF,,ENSG00000175336
C8B,,ENSG00000021852
UGT1A4,"HUG-BR2, UGT1D",ENSG00000244474
MTTP,"ABL, MTP",ENSG00000138823
SERPIND1,"D22S673, HC-II, HC2, HCF2, HLS2",ENSG00000099937
CYP3A4,CYP3A3,ENSG00000160868
CYP2B6,"CPB6, CYP2B, CYPIIB6",ENSG00000197408
SLC10A1,NTCP,ENSG00000100652
TAT,,ENSG00000198650
VTN,VN,ENSG00000109072
INHBE,"activin, MGC4638",ENSG00000139269
BHMT,BHMT1,ENSG00000145692
DAO,DAMOX,ENSG00000110887
F7,,ENSG00000057593
ACOT12,"Cach, STARD15, THEAL",ENSG00000172497
AKR1D1,SRD5B1,ENSG00000122787
HP,,ENSG00000257017
GBP7,"FLJ38822, GBP4L",ENSG00000213512
GOLGA6B,,ENSG00000215186
LBP,BPIFD2,ENSG00000129988
DIO1,TXDI1,ENSG00000211452
SLC22A10,"hOAT5, OAT5",ENSG00000184999
TDO2,"TDO, TPH2",ENSG00000151790
UROC1,"FLJ31300, HMFN0320",ENSG00000159650
ADGRG7,"FLJ14454, GPR128",ENSG00000144820
ADH4,ADH-2,ENSG00000198099
CYP1A2,"CP12, P3-450",ENSG00000140505
LECT2,"chm-II, chm2",ENSG00000145826
ORM2,"AGP-B, AGP-B', AGP2",ENSG00000228278
ABCG8,GBD4,ENSG00000143921
ALDOB,,ENSG00000136872
APOC4,,ENSG00000267467
CFB,"BF, BFD, H2-Bf",ENSG00000243649
GOLGA6A,"GLP, GOLGA6",ENSG00000159289
PRODH2,HSPOX1,ENSG00000250799
PLGLB2,PLGP1,ENSG00000125551
ABCB11,"ABC16, BSEP, PFIC-2, PFIC2, PGY4, SPGP",ENSG00000073734
CPN2,ACBP,ENSG00000178772
F12,,ENSG00000131187
SLC28A1,CNT1,ENSG00000156222
ATF5,,ENSG00000169136
SLC22A1,1-Oct,ENSG00000175003
AGXT2,AGT2,ENSG00000113492
PON1,"ESA, PON",ENSG00000005421
RBP4,,ENSG00000138207
NAT2,AAC2,ENSG00000156006
SERPINA6,CBG,ENSG00000170099
SLC38A4,"ATA3, NAT3, PAAT",ENSG00000139209
ACMSD,,ENSG00000153086
CYP3A7,"CP37, P450-HFLA",ENSG00000160870
CYP3A7-CYP3A51P,,ENSG00000282301
IGFBP1,"AFBP, hIGFBP-1, IBP1, IGF-BP25, PP12",ENSG00000146678
SDS,SDH,ENSG00000135094
SERPINF2,"A2AP, AAP, ALPHA-2-PI, API, PLI",ENSG00000167711
SLCO1B3,"OATP1B3, OATP8, SLC21A8",ENSG00000111700
SMLR1,,ENSG00000256162
ANGPTL3,ANGPT5,ENSG00000132855
CP,,ENSG00000047457
CYP2A13,"CPAD, CYP2A",ENSG00000197838
CYP8B1,CYP12,ENSG00000180432
HSD17B13,"SCDR9, SDR16C3",ENSG00000170509
ITIH4,"H4P, IHRP, ITIHL1",ENSG00000055955
LIPC,"HL, HTGL",ENSG00000166035
TFR2,"HFE3, TFRC2",ENSG00000106327
TTPA,AVED,ENSG00000137561
ANG,"RAA1, RNASE5",ENSG00000214274
FMO3,,ENSG00000007933
HSD17B6,"HSE, RODH, SDR9C6",ENSG00000025423
NR1I3,"CAR, CAR1, MB67",ENSG00000143257
AKR1C4,"3-alpha-HSD, C11, CDR, CHDR, DD4, HAKRA, MGC22581",ENSG00000198610
ADCY10,"HCA2, RP1-313L4.2, SAC, SACI, Sacy",ENSG00000143199
C4BPB,C4BP,ENSG00000123843
CYP2C19,"CPCJ, CYP2C, P450IIC19",ENSG00000165841
GCKR,,ENSG00000084734
HAMP,"HEPC, HFE2B, LEAP-1, LEAP1",ENSG00000105697
ORM1,,ENSG00000229314
PZP,CPAMD6,ENSG00000126838
SERPINA1,"A1A, A1AT, AAT, alpha-1-antitrypsin, alpha1AT, PI, PI1",ENSG00000197249
UGT1A1,"GNT1, UGT1, UGT1A",ENSG00000241635
DPYS,DHPase,ENSG00000147647
SLC51A,OSTalpha,ENSG00000163959
UGT1A3,UGT1C,ENSG00000243135
C4BPA,C4BP,ENSG00000123838
GLYATL3,"bA28H17.2, C6orf140",ENSG00000203972
IGFALS,ALS,ENSG00000099769
MAT1A,"MAT, MATA1, SAMS, SAMS1",ENSG00000151224
ONECUT1,"HNF-6, HNF6, HNF6A",ENSG00000169856
OTC,,ENSG00000036473
UGT2A2,,ENSG00000271271
AC126283.2,,ENSG00000285330
AFM,"ALB2, ALBA",ENSG00000079557
GC,"DBP, hDBP, VDBP",ENSG00000145321
MOGAT2,"DGAT2L5, FLJ22644, MGAT2",ENSG00000166391
PGLYRP2,"PGLYRPL, PGRP-L, PGRPL, tagL, tagL-alpha, tagl-beta, TAGL-like",ENSG00000161031
PIPOX,LPIPOX,ENSG00000179761
APOC1,,ENSG00000130208
ARID3C,,ENSG00000205143
LEAP2,LEAP-2,ENSG00000164406
TF,"PRO1557, PRO2086",ENSG00000091513
C8G,,ENSG00000176919
CFI,"C3b-INA, FI, IF, KAF",ENSG00000205403
DMGDH,,ENSG00000132837
GNMT,,ENSG00000124713
HEPACAM,"FLJ25530, GLIALCAM, hepaCAM",ENSG00000165478
KRTAP5-6,KRTAP5.6,ENSG00000205864
LCAT,,ENSG00000213398
LRG1,LRG,ENSG00000171236
PLG,,ENSG00000122194
SAA1,"PIG4, SAA, TP53I4",ENSG00000173432
SAA2,,ENSG00000134339
SLC22A9,"FLJ23666, OAT4, OAT7, UST3",ENSG00000149742
TMPRSS6,FLJ30744,ENSG00000187045
TRPC5,PPP1R159,ENSG00000072315
TTR,"CTS, CTS1, HsT2651, PALB",ENSG00000118271
ALDH8A1,ALDH12,ENSG00000118514
ANGPTL8,"C19orf80, RIFL, TD26",ENSG00000130173
BHMT2,,ENSG00000132840
C3,"ARMD9, C3a, C3b, CPAMD1",ENSG00000125730
HPR,,ENSG00000261701
MPPED1,"239AB, C22orf1, FAM1A",ENSG00000186732
NR5A2,"B1F2, FTF, FTZ-F1, FTZ-F1beta, hB1F, hB1F-2, LRH-1",ENSG00000116833
RNASE4,RAB1,ENSG00000258818
ACSM5,FLJ20581,ENSG00000183549
AL121845.2,,ENSG00000273047
AMDHD1,MGC35366,ENSG00000139344
ANGPTL6,"AGF, ARP5",ENSG00000130812
AQP9,"HsT17287, SSC1",ENSG00000103569
CNDP1,"CN1, CPGL2, HsT2308, MGC10825",ENSG00000150656
CPS1,,ENSG00000021826
DBH,DBM,ENSG00000123454
FP565260.4,,ENSG00000279493
FURIN,"FUR, PACE, PCSK3, SPC1",ENSG00000140564
G6PC,"G6PT, GSD1a",ENSG00000131482
GATM,AGAT,ENSG00000171766
GLYAT,"ACGNAT, GAT",ENSG00000149124
GYS2,,ENSG00000111713
HPN,TMPRSS1,ENSG00000105707
RIDA,"HRSP12, P14.5, PSP, UK114",ENSG00000132541
SEC16B,"LZTR2, PGPR-p117, RGPR, Sec16S",ENSG00000120341
SLC17A4,KIAA2138,ENSG00000146039
TIMD4,,ENSG00000145850
TM4SF5,,ENSG00000142484
TRPM8,,ENSG00000144481
ABCB4,"GBD1, MDR2, MDR3, PFIC-3, PGY3",ENSG00000005471
ADAMTS13,"C9orf8, DKFZp434C2322, FLJ42993, MGC118899, MGC118900, TTP, vWF-CP, VWFCP",ENSG00000160323
AGT,SERPINA8,ENSG00000135744
APOC3,,ENSG00000110245
ARG1,,ENSG00000118520
BDH1,"BDH, SDR9C1",ENSG00000161267
CYP26A1,"CP26, CYP26, P450RAI, P450RAI1",ENSG00000095596
FCAMR,"CD351, FCA/MR, FKSG87",ENSG00000162897
GSTA1,,ENSG00000243955
IGF2,,ENSG00000284779
KNG1,"BDK, BK, KNG",ENSG00000113889
MST1,"D3F15S2, DNF15S2, HGFL, MSP, NF15S2",ENSG00000173531
OIT3,"FLJ39116, LZP",ENSG00000138315
OR10J5,,ENSG00000184155
SLC25A18,,ENSG00000182902
SLC27A5,"ACSB, ACSVL6, FACVL3, FATP5, FLJ22987, VLACSR, VLCS-H2, VLCSH2",ENSG00000083807
SLC2A2,GLUT2,ENSG00000163581
UGT2B15,UGT2B8,ENSG00000196620
UGT3A1,FLJ34658,ENSG00000145626
A1CF,"ACF, ACF64, ACF65, APOBEC1CF, ASP",ENSG00000148584
AGMO,"FLJ16237, TMEM195",ENSG00000187546
AL645922.1,,ENSG00000244255
ATP2B2,PMCA2,ENSG00000157087
C2,,ENSG00000166278
C2CD4A,"FAM148A, NLF1",ENSG00000198535
C6,,ENSG00000039537
CIDEB,,ENSG00000136305
CLDN14,DFNB29,ENSG00000159261
CLEC4M,"CD209L, CD299, DC-SIGN2, DC-SIGNR, DCSIGNR, HP10347, LSIGN",ENSG00000104938
CYP1A1,"CP11, CYP1, P1-450, P450-C, P450DX",ENSG00000140465
CYP2D6,"CPD6, CYP2D, CYP2D7AP, CYP2D7BP, CYP2D7P2, CYP2D8P2, CYP2DL1, P450-DB1, P450C2D",ENSG00000100197
CYP4F2,,ENSG00000186115
FABP1,L-FABP,ENSG00000163586
FCN2,"EBP-37, FCNL, ficolin-2, P35",ENSG00000160339
FETUB,,ENSG00000090512
GALP,,ENSG00000197487
GPLD1,,ENSG00000112293
HAL,HIS,ENSG00000084110
HSD11B1,"HSD11, HSD11B, SDR26C1",ENSG00000117594
IDO2,INDOL1,ENSG00000188676
KLB,,ENSG00000134962
MOGAT3,"DC7, DGAT2L2, MGAT3",ENSG00000106384
NR1I2,"BXR, ONR1, PAR2, PXR, SXR",ENSG00000144852
PAH,PH,ENSG00000171759
PNPLA3,"adiponutrin, ADPN, C22orf20, dJ796I17.1, FLJ22012, iPLA2epsilon",ENSG00000100344
PON3,,ENSG00000105852
RTN4RL2,"NgR2, NGRH1",ENSG00000186907
SERPINA3,"AACT, ACT",ENSG00000196136
SLC6A1,"GABATHG, GABATR, GAT1",ENSG00000157103
ACY1,,ENSG00000243989
APOM,"ApoM, G3a, NG20",ENSG00000204444
ASPG,C14orf76,ENSG00000166183
BAAT,BAT,ENSG00000136881
BCHE,"CHE1, CHE2, E1",ENSG00000114200
C4B,"C4B1, C4B3, C4F, CH, CO4, CPAMD3",ENSG00000224389
CA5A,"CA5, CAV, CAVA",ENSG00000174990
CES1,"CEH, CES1A1, CES1A2, CES2, HMSE, HMSE1, SES1",ENSG00000198848
CFH,"ARMD4, ARMS1, FHL1, HF, HF1, HF2, HUS",ENSG00000000971
CLEC1B,CLEC2,ENSG00000165682
COLEC10,CL-L1,ENSG00000184374
CTH,,ENSG00000116761
CYP4F11,,ENSG00000171903
EHHADH,ECHD,ENSG00000113790
FGL1,HFREP-1,ENSG00000104760
GCGR,GGR,ENSG00000215644
GLS2,"GA, GLS, hLGA, LGA",ENSG00000135423
HMGCS2,,ENSG00000134240
KHK,,ENSG00000138030
MT1B,"MT1, MT1Q",ENSG00000169688
NPW,PPL8,ENSG00000183971
PCK1,PEPCK-C,ENSG00000124253
PLA2G12B,PLA2G13,ENSG00000138308
PRAP1,UPA,ENSG00000165828
PRDX4,AOE37-2,ENSG00000123131
RBP5,CRBPIII,ENSG00000139194
SERPING1,"C1-INH, C1IN, C1NH, HAE1, HAE2",ENSG00000149131
SLC22A7,"NLT, OAT2",ENSG00000137204
THPO,"MGDF, MPLLG, TPO",ENSG00000090534
TM4SF4,il-TMP,ENSG00000169903
TTC36,HBP21,ENSG00000172425
UGT2A1,,ENSG00000173610
UPB1,BUP1,ENSG00000100024
ACACB,"ACC2, ACCB, HACC275",ENSG00000076555
ADH1B,ADH2,ENSG00000196616
ADH6,ADH-5,ENSG00000172955
AFP,"FETA, HPAFP",ENSG00000081051
AGL,,ENSG00000162688
ANKRD55,FLJ11795,ENSG00000164512
ASPDH,,ENSG00000204653
ASS1,"ASS, CTLN1",ENSG00000130707
BBOX1,"BBH, BBOX, G-BBH, gamma-BBH",ENSG00000129151
CHST13,C4ST3,ENSG00000180767
CMBL,FLJ23617,ENSG00000164237
CYP2C9,"CYP2C10, P450IIC9",ENSG00000138109
CYP3A5,"CP35, P450PCN3, PCN3",ENSG00000106258
CYP4A22,,ENSG00000162365
CYP4F3,"CYP4F, LTB4H",ENSG00000186529
DCXR,"DCR, KIDCR, SDR20C1",ENSG00000169738
DHODH,,ENSG00000102967
EFNA2,"ELF-1, EPLG6, LERK6",ENSG00000099617
ETNK2,"EKI2, FLJ10761",ENSG00000143845
EXOC3L4,C14orf73,ENSG00000205436
F10,,ENSG00000126218
F11,FXI,ENSG00000088926
FCN3,"FCNH, HAKA1",ENSG00000142748
FTCD,,ENSG00000160282
GGCX,VKCFD1,ENSG00000115486
GHR,GHBP,ENSG00000112964
GLYCTK,"HBEBP2, HBEBP4",ENSG00000168237
GPR182,"ADMR, AM-R, G10D, hrhAMR",ENSG00000166856
HABP2,"FSAP, HABP, HGFAL, PHBP",ENSG00000148702
HGD,"AKU, HGO",ENSG00000113924
HPD,"4-HPPD, 4HPPD, GLOD3, PPD",ENSG00000158104
IGSF23,,ENSG00000216588
MLIP,"C6orf142, CIP, MGC18257",ENSG00000146147
MSRB1,"SelR, SelX, SepR, SEPX1",ENSG00000198736
MT1G,"MT1, MT1K",ENSG00000125144
MTHFD1,"MTHFC, MTHFD",ENSG00000100714
NADK2,"C5orf33, FLJ30596, MNADK, NADKD1",ENSG00000152620
NECAB2,EFCBP2,ENSG00000103154
NEU4,,ENSG00000204099
NPC1L1,SLC65A2,ENSG00000015520
PCK2,"PEPCK, PEPCK2",ENSG00000100889
PLGLB1,"PLGL, PRP-B",ENSG00000183281
PRAMEF15,,ENSG00000204501
PROC,,ENSG00000115718
PROX1,,ENSG00000117707
PROZ,PZ,ENSG00000126231
PRSS51,,ENSG00000253649
RELN,"PRO1598, RL",ENSG00000189056
RGN,"RC, SMP30",ENSG00000130988
RPRD1B,"C20orf77, CREPT, dJ1057B20.2, DKFZp434P0735, FLJ44520, K-H, Kub5-Hera, NET60",ENSG00000101413
SLC16A13,MCT13,ENSG00000174327
SLC25A15,"D13S327, HHH, ORC1, ORNT1",ENSG00000102743
SLC30A10,"DKFZp547M236, ZnT-10, ZNT8, ZRC1",ENSG00000196660
SLC38A3,"G17, SN1",ENSG00000188338
SLC43A1,"PB39, POV1, R00504",ENSG00000149150
SPRYD4,DKFZp686N0877,ENSG00000176422
STEAP3,"dudlin-2, STMP3, TSAP6",ENSG00000115107
SULT2A1,"DHEA-ST, STD",ENSG00000105398
UGT1A6,"GNT1, HLUGP, UGT1F",ENSG00000167165
UGT2B7,UGT2B9,ENSG00000171234
UPP2,"UDRPASE2, UP2, UPASE2",ENSG00000007001
USH2A,"RP39, USH2",ENSG00000042781
VNN1,Tiff66,ENSG00000112299
AADAT,"KAT2, KATII, KYAT2",ENSG00000109576
ACAA2,DSAEC,ENSG00000167315
ACADSB,"ACAD7, SBCAD",ENSG00000196177
ACOX2,"BRCACOX, BRCOX, THCCox",ENSG00000168306
ADGRG6,"FLJ14937, GPR126",ENSG00000112414
ADH1C,ADH3,ENSG00000248144
AL163636.2,,ENSG00000259171
ALDH6A1,MMSDH,ENSG00000119711
AOX1,"AO, AOH1",ENSG00000138356
APOA1,,ENSG00000118137
ARSE,"CDPX, CDPX1",ENSG00000157399
ASGR1,CLEC4H1,ENSG00000141505
ASGR2,CLEC4H2,ENSG00000161944
ATOH7,"bHLHa13, Math5",ENSG00000179774
CD14,,ENSG00000170458
CES2,"CE-2, CES2A1, iCE",ENSG00000172831
CHI3L1,"GP39, YKL40",ENSG00000133048
CHRNA4,"BFNC, EBN, EBN1",ENSG00000101204
CLEC4G,"LSECtin, UNQ431",ENSG00000182566
CTNNA3,"MGC26194, VR22",ENSG00000183230
CYP3A43,,ENSG00000021461
DECR2,"PDCR, SDR17C1",ENSG00000242612
DNAJC25,bA16L21.2.1,ENSG00000059769
DNMT3L,MGC1090,ENSG00000142182
ETNPPL,AGXT2L1,ENSG00000164089
FMO5,,ENSG00000131781
FXYD1,PLM,ENSG00000266964
GLDC,"GCSP, NKH",ENSG00000178445
GLYATL1,"FLJ34646, MGC15397",ENSG00000166840
GOLT1A,"CGI-141, FLJ42654, GOT1, MGC62027, YMR292W",ENSG00000174567
GRHPR,"GLXR, PH2",ENSG00000137106
GSTZ1,"GSTZ1-1, MAAI, MAI",ENSG00000100577
HS3ST3B1,"30ST3B1, 3OST3B1",ENSG00000125430
IGFLR1,"FLJ22573, TMEM149, U2AF1L4",ENSG00000126246
IL1RAP,"C3orf13, IL-1RAcP, IL1R3",ENSG00000196083
LIME1,"dJ583P15.4, FLJ20406, LIME",ENSG00000203896
MAMDC4,"AEGP, DKFZp434M1411",ENSG00000177943
METTL7B,"ALDI, MGC17301",ENSG00000170439
NR1H4,"FXR, HRR-1, HRR1, RIP14",ENSG00000012504
RAB43,"ISY1, RAB11B, RAB41",ENSG00000172780
RCL1,"RNAC, RPCL1",ENSG00000120158
RFPL4A,"RFPL4, RNF210",ENSG00000223638
RFPL4AL1,RNF210B,ENSG00000229292
RTL4,"FLJ46608, Mar4, Mart4, SIRH11, ZCCHC16",ENSG00000187823
SARDH,"DMGDHL1, SDH",ENSG00000123453
SCD,"FADS5, SCDOS",ENSG00000099194
SHBG,"ABP, MGC126834, MGC138391, TEBG",ENSG00000129214
SIGLEC12,"S2V, Siglec-12, Siglec-L1, Siglec-XII, SIGLECL1, SLG",ENSG00000254521
SLC27A2,"ACSVL1, FACVL1, FATP2, hFACVL1, HsT17226, VLACS, VLCS",ENSG00000140284
SPDYC,Ringo2,ENSG00000204710
SPSB3,"C16orf31, SSB-3",ENSG00000162032
TMEM82,,ENSG00000162460
TRIM15,"RNF93, ZNF178, ZNFB7",ENSG00000204610
TRIM55,"MURF-2, RNF29",ENSG00000147573
UGDH,,ENSG00000109814
VNN3,HSA238982,ENSG00000093134
A2M,"CPAMD5, FWP007, S863-7",ENSG00000175899
AADAC,"CES5A1, DAC",ENSG00000114771
ABAT,GABAT,ENSG00000183044
ABCA6,EST155051,ENSG00000154262
ABCC2,"CMOAT, cMRP, DJS, MRP2",ENSG00000023839
ABCC3,"cMOAT2, EST90757, MLP2, MOAT-D, MRP3",ENSG00000108846
ABCC6,"ARA, EST349056, MLP1, MRP6, PXE, URG7",ENSG00000091262
ABHD6,,ENSG00000163686
AC009119.2,,ENSG00000260300
AC068533.4,,ENSG00000249319
AC135050.2,,ENSG00000255439
AC135586.2,,ENSG00000256632
ACAA1,,ENSG00000060971
ACAD11,FLJ12592,ENSG00000240303
ACADM,"ACAD1, MCAD, MCADH",ENSG00000117054
ACADS,"ACAD3, SCAD",ENSG00000122971
ACAT1,"ACAT, THIL",ENSG00000075239
ACAT2,,ENSG00000120437
ACBD4,FLJ13322,ENSG00000181513
ACO1,"IREB1, IREBP, IRP1",ENSG00000122729
ACOD1,"CAD, IRG1",ENSG00000102794
ACOT1,"ACH2, CTE-1, LACH2",ENSG00000184227
ACOT13,"HT012, THEM2",ENSG00000112304
ACOT2,"Mte1, ZAP128",ENSG00000119673
ACOT4,"FLJ31235, PTE-Ib, PTE2B",ENSG00000177465
ACOT6,C14orf42,ENSG00000205669
ACOX1,PALMCOX,ENSG00000161533
ACSL1,"ACS1, FACL1, FACL2, LACS, LACS1, LACS2",ENSG00000151726
ACSM3,"SA, SAH",ENSG00000005187
ADGRA3,"FLJ38547, GPR125, PGR21",ENSG00000152990
ADHFE1,"ADHFe1, FLJ32430",ENSG00000147576
ADI1,"APL1, ARD, FLJ10913, HMFT1638, MTCBP-1, mtnD, SIPL",ENSG00000182551
ADK,AK,ENSG00000156110
ADRA1A,"ADRA1C, ADRA1L1",ENSG00000120907
ADRA1B,,ENSG00000170214
AFMID,"DKFZp686F03259, KF",ENSG00000183077
AGMAT,FLJ23384,ENSG00000116771
AGPAT2,"BSCL, LPAAT-beta",ENSG00000169692
AGTR1,"AG2S, AGTR1A, AGTR1B, AT1, AT1B, AT2R1, AT2R1A, AT2R1B, HAT1R",ENSG00000144891
AIG1,"AIG-1, dJ95L4.1, FLJ10485",ENSG00000146416
AJUBA,"JUB, MGC15563",ENSG00000129474
AK4,"AK3, AK3L1",ENSG00000162433
AKR1C1,"DD1, DDH, DDH1, HAKRC, MBAB",ENSG00000187134
AKR1C2,"BABP, DD, DD2, DDH2, HAKRD, MCDR2, TDD",ENSG00000151632
AKR7A3,,ENSG00000162482
AL136295.3,,ENSG00000259371
AL162231.3,,ENSG00000258728
AL355315.1,,ENSG00000249967
ALAD,"ALADH, PBGS",ENSG00000148218
ALAS1,"ALAS, ALAS3",ENSG00000023330
ALDH1A1,"ALDH1, PUMB1, RALDH1",ENSG00000165092
ALDH1L1,"10-fTHF, FTHFD",ENSG00000144908
ALDH2,,ENSG00000111275
ALDH4A1,"ALDH4, P5CDh",ENSG00000159423
ALDH5A1,"SSADH, SSDH",ENSG00000112294
ALDH7A1,"ATQ1, EPD, PDE",ENSG00000164904
ALG3,"CDGS4, D16Ertd36e, Not56, NOT56L",ENSG00000214160
ALPL,"HOPS, TNSALP",ENSG00000162551
AMACR,"P504S, RACE",ENSG00000242110
ANGPTL4,"ARP4, FIAF, HFARP, NL2, PGAR, pp1158",ENSG00000167772
ANKS4B,"FLJ38819, HARP",ENSG00000175311
AP000781.2,,ENSG00000254979
APMAP,"BSCv, C20orf3",ENSG00000101474
APOE,AD2,ENSG00000130203
APOL5,APOLV,ENSG00000128313
AR,"AIS, DHTR, HUMARA, NR3C4, SBMA, SMAX1",ENSG00000169083
ARHGEF10L,"FLJ10521, KIAA1626",ENSG00000074964
ARMC6,MGC19595,ENSG00000105676
ART4,"CD297, DO, DOK1",ENSG00000111339
ASCL1,"ASH1, bHLHa46, HASH1",ENSG00000139352
ASL,,ENSG00000126522
ATP7B,WND,ENSG00000123191
AVPR1A,AVPR1,ENSG00000166148
AZGP1,"ZA2G, ZAG",ENSG00000160862
BCKDHB,,ENSG00000083123
BCL2L10,"BCL-B, Boo, Diva",ENSG00000137875
BCO2,"B-DIOX-II, BCDO2, FLJ34464",ENSG00000197580
BPHL,"Bph-rp, MCNAA, VACVase",ENSG00000137274
C11orf54,PTD012,ENSG00000182919
C17orf100,LOC388327,ENSG00000256806
C19orf66,"FLJ11286, IRAV, RyDEN",ENSG00000130813
C1orf53,,ENSG00000203724
C1R,,ENSG00000159403
C1RL,"C1r-LP, C1RL1",ENSG00000139178
C1S,,ENSG00000182326
C2orf72,LOC257407,ENSG00000204128
C4A,"C4, C4A2, C4A3, C4A4, C4A6, C4B, C4S, CO4, CPAMD2, RG",ENSG00000244731
C7orf77,,ENSG00000275356
CAPN12,,ENSG00000182472
CASC10,"bA418C1.3, C10orf114",ENSG00000204682
CAT,,ENSG00000121691
CBS,HIP4,ENSG00000160200
CBSL,,ENSG00000274276
CBWD6,CBWD7,ENSG00000215126
CCDC152,LOC100129792,ENSG00000198865
CCDC71L,"C7orf74, FLJ36031",ENSG00000253276
CCL15,"HCC-2, HMRP-2B, Lkn-1, MIP-1d, MIP-5, NCC-3, SCYA15, SCYL3",ENSG00000275718
CD302,"BIMLEC, CLEC13A, DCL-1, KIAA0022",ENSG00000241399
CDO1,,ENSG00000129596
CEACAM1,"BGP, BGP1, CD66a",ENSG00000079385
CEBPA,"C/EBP-alpha, CEBP",ENSG00000245848
CERS2,"FLJ10243, LASS2, SP260",ENSG00000143418
CES3,"ES31, FLJ21736",ENSG00000172828
CETP,BPIFF,ENSG00000087237
CHDH,,ENSG00000016391
CHRD,,ENSG00000090539
CLDN1,"ILVASC, SEMP1",ENSG00000163347
CLDN2,,ENSG00000165376
CLPX,,ENSG00000166855
CLRN3,"MGC32871, TMEM12, USH3AL1",ENSG00000180745
CLU,"APOJ, CLI, CLU1, CLU2, KUB1, SGP-2, SP-40, TRPM-2",ENSG00000120885
CLUH,"CLU1, KIAA0664",ENSG00000132361
CLYBL,CLB,ENSG00000125246
CNGA1,"CNCG, CNCG1, CNG1, RCNC1, RCNCa, RP49",ENSG00000198515
CNTD2,"CCNP, FLJ13265",ENSG00000105219
COL18A1,"KNO, KNO1, KS",ENSG00000182871
COLEC11,"CL-K1, MGC3279",ENSG00000118004
COMT,,ENSG00000093010
CPEB3,KIAA0940,ENSG00000107864
CPT2,"CPT1, CPTASE",ENSG00000157184
CRHBP,"CRF-BP, CRFBP",ENSG00000145708
CRIP3,"bA480N24.2, TLP, TLP-A",ENSG00000146215
CRYL1,"GDH, lambda-CRY, MGC149525, MGC149526",ENSG00000165475
CRYZ,,ENSG00000116791
CTXND1,LINC01314,ENSG00000259417
CUX2,"CDP2, CUTL2, KIAA0293",ENSG00000111249
CXCL2,"CINC-2a, GRO2, GROb, MGSA-b, MIP-2a, SCYB2",ENSG00000081041
CYB5A,CYB5,ENSG00000166347
CYP27A1,"CP27, CTX, CYP27",ENSG00000135929
CYP2C18,"CPCI, CYP2C, CYP2C17, P450IIC17",ENSG00000108242
CYP2J2,,ENSG00000134716
CYP39A1,,ENSG00000146233
CYP4F12,,ENSG00000186204
CYP4V2,CYP4AH1,ENSG00000145476
CYP51A1,"CP51, CYP51, CYPL1, LDM, P450-14DM, P450L1",ENSG00000001630
DDT,DDCT,ENSG00000099977
DDTL,,ENSG00000099974
DECR1,"DECR, SDR18C1",ENSG00000104325
DEPDC7,,ENSG00000121690
DESI1,"D15Wsu75e, FAM152B, PPPDE2",ENSG00000100418
DGAT2,,ENSG00000062282
DHCR24,"DCE, KIAA0018, seladin-1",ENSG00000116133
DHCR7,SLOS,ENSG00000172893
DHRS1,"FLJ25430, MGC20204, SDR19C1",ENSG00000157379
DHTKD1,"CMT2Q, DKFZP762M115, KIAA1630, MGC3090",ENSG00000181192
DMRTA1,,ENSG00000176399
DNAJC12,JDP1,ENSG00000108176
DNAJC22,"FLJ13236, wus",ENSG00000178401
DNASE1L3,"DNAS1L3, LSD",ENSG00000163687
DUSP10,"MKP-5, MKP5",ENSG00000143507
EBP,"CDPX2, CHO2, CPX, CPXD",ENSG00000147155
ECHDC2,FLJ10948,ENSG00000121310
ECHDC3,FLJ20909,ENSG00000134463
ECHS1,SCEH,ENSG00000127884
ECI2,"ACBD2, DRS1, HCA88, PECI",ENSG00000198721
EDEM1,"EDEM, KIAA0212",ENSG00000134109
EEF1AKMT4,,ENSG00000284753
EEF1AKMT4-ECE2,,ENSG00000284917
EFNA1,"ECKLG, EPLG1, LERK1, TNFAIP4",ENSG00000169242
ELFN1,PPP1R28,ENSG00000225968
ELOVL2,Ssc2,ENSG00000197977
ELOVL6,"FLJ23378, LCE, MGC5487",ENSG00000170522
ENTPD5,"CD39L4, NTPDase-5, PCPH",ENSG00000187097
EPB41L4B,EHM2,ENSG00000095203
EPHX1,EPHX,ENSG00000143819
EPHX2,,ENSG00000120915
EPO,EP,ENSG00000130427
ERLIN1,"C10orf69, Erlin-1, KE04, SPFH1, SPG62",ENSG00000107566
ERRFI1,"GENE-33, MIG-6, RALT",ENSG00000116285
ESPN,DFNB36,ENSG00000187017
ESRP2,"FLJ21918, RBM35B",ENSG00000103067
ETFB,,ENSG00000105379
ETFDH,ETFQO,ENSG00000171503
EVA1A,"FAM176A, FLJ13391, TMEM166",ENSG00000115363
EXT1,"LGCR, LGS, ttv",ENSG00000182197
F5,,ENSG00000198734
FAH,,ENSG00000103876
FAHD2A,CGI-105,ENSG00000115042
FAM149A,"DKFZP564J102, MST119, MSTP119",ENSG00000109794
FAM180A,"HWKM1940, UNQ1940",ENSG00000189320
FAM20A,DKFZp434F2322,ENSG00000108950
FAM47E-STBD1,,ENSG00000272414
FAM96A,"CIA2A, FLJ22875",ENSG00000166797
FAM9B,TEX39B,ENSG00000177138
FBP1,FBP,ENSG00000165140
FGF23,,ENSG00000118972
FGFR4,"CD334, JTK2",ENSG00000160867
FGGY,FLJ10986,ENSG00000172456
FH,fumarase,ENSG00000091483
FMO4,FMO2,ENSG00000076258
FNDC4,"FLJ22362, FRCP1",ENSG00000115226
FOXA1,HNF3A,ENSG00000129514
FOXA2,HNF3B,ENSG00000125798
FOXA3,HNF3G,ENSG00000170608
FRRS1,"SDFR2, SDR2",ENSG00000156869
FST,FS,ENSG00000134363
FUOM,"C10orf125, FLJ26016, FucM, FucU",ENSG00000148803
FYB2,"ARAP, C1orf168, FLJ43208, RP4-758N20.2",ENSG00000187889
FZD5,"C2orf31, DKFZP434E2135, HFZ5",ENSG00000163251
G0S2,,ENSG00000123689
GALNT2,GalNAc-T2,ENSG00000143641
GALT,,ENSG00000213930
GAMT,"PIG2, TP53I2",ENSG00000130005
GAS2,,ENSG00000148935
GCDH,ACAD5,ENSG00000105607
GCH1,"DYT14, DYT5, DYT5a, GCH, GTPCH1",ENSG00000131979
GCHFR,"GFRP, HsT16933",ENSG00000137880
GCLC,"GCS, GLCL, GLCLC",ENSG00000001084
GCSH,,ENSG00000140905
GDA,,ENSG00000119125
GFRAL,"bA360D14.1, C6orf144, GRAL, UNQ9356",ENSG00000187871
GGH,,ENSG00000137563
GJB1,"CMTX, CMTX1, CX32",ENSG00000169562
GK,"GK1, GKD",ENSG00000198814
GLOD5,,ENSG00000171433
GLT1D1,FLJ31978,ENSG00000151948
GLTPD2,,ENSG00000182327
GLUD1,"GDH, GLUD",ENSG00000148672
GLUD2,GLUDP1,ENSG00000182890
GMNC,GEMC1,ENSG00000205835
GNE,"IBM2, Uae1",ENSG00000159921
GNPNAT1,"FLJ10607, Gpnat1",ENSG00000100522
GOT1,AST1,ENSG00000120053
GPAM,"GPAT1, KIAA1560, MGC26846",ENSG00000119927
GPT,"ALT1, GPT1",ENSG00000167701
GPX2,GSHPX-GI,ENSG00000176153
GRAMD4,"DIP, KIAA0767",ENSG00000075240
GRB14,,ENSG00000115290
GRM8,"GLUR8, GPRC1H, mGlu8, MGLUR8",ENSG00000179603
GRTP1,"FLJ22474, TBC1D6",ENSG00000139835
GSTA2,GST2,ENSG00000244067
GSTM1,"GST1, H-B, MU",ENSG00000134184
GSTO1,"GSTTLp28, P28",ENSG00000148834
GUCD1,"C22orf13, LLN4, MGC1842",ENSG00000138867
H6PD,GDH,ENSG00000049239
HAAO,,ENSG00000162882
HAGH,"GLO2, GLXII, HAGH1",ENSG00000063854
HBE1,HBE,ENSG00000213931
HFE2,"haemojuvelin, hemojuvelin, HFE2A, HJV, JH, RGMC",ENSG00000168509
HLF,MGC33822,ENSG00000108924
HMGCL,HL,ENSG00000117305
HMGCS1,HMGCS,ENSG00000112972
HNF1A,"HNF1, LFB1, MODY3, TCF1",ENSG00000135100
HNF4A,"HNF4, MODY, MODY1, NR2A1, TCF14",ENSG00000101076
HOGA1,"C10orf65, DHDPS2, DHDPSL, FLJ37472, NPL2",ENSG00000241935
HOOK1,HK1,ENSG00000134709
HSD17B2,"HSD17, SDR9C2",ENSG00000086696
HSD17B7,"PRAP, SDR37C1",ENSG00000132196
HSD3B7,"C(27)-3BETA-HSD, SDR11E3",ENSG00000099377
HSDL2,"C9orf99, SDR13C1",ENSG00000119471
HSP90B1,"GP96, GRP94, TRA1",ENSG00000166598
HYAL1,"FUS2, HYAL-1, LUCA1, NAT6",ENSG00000114378
HYOU1,"Grp170, HSP12A, ORP150",ENSG00000149428
ICAM1,"BB2, CD54",ENSG00000090339
IDNK,"bA522I20.2, C9orf103, hGntK",ENSG00000148057
IGFBP2,IBP2,ENSG00000115457
IGSF9,"IGSF9A, KIAA1355, Nrt1",ENSG00000085552
IL17RB,"CRL4, EVI27, IL17BR, IL17RH1",ENSG00000056736
IL18BP,IL18BPa,ENSG00000137496
IL27,"IL-27, IL-27A, IL27A, IL27p28, IL30, MGC71873, p28",ENSG00000197272
IL32,"NK4, TAIF, TAIFb, TAIFd",ENSG00000008517
INSIG1,"CL-6, MGC1405",ENSG00000186480
IQGAP2,,ENSG00000145703
ISOC2,FLJ23469,ENSG00000063241
ITPR2,"CFAP48, IP3R2",ENSG00000123104
KCNN2,"hSK2, KCa2.2",ENSG00000080709
KDM8,"FLJ13798, JMJD5",ENSG00000155666
KMO,,ENSG00000117009
KYNU,,ENSG00000115919
LACTB2,CGI-83,ENSG00000147592
LBX2,,ENSG00000179528
LDHA,,ENSG00000134333
LDHD,,ENSG00000166816
LEPR,"CD295, OBR",ENSG00000116678
LGSN,"GLULD1, LGS",ENSG00000146166
LIPG,EDL,ENSG00000101670
LOXL4,"FLJ21889, LOXC",ENSG00000138131
LPCAT3,"C3F, MBOAT5, nessy, OACT5",ENSG00000111684
LPGAT1,"FAM34A, FAM34A1, KIAA0205, NET8",ENSG00000123684
LPIN2,KIAA0249,ENSG00000101577
LRRC3,C21orf102,ENSG00000160233
LSR,"ILDR3, LISCH7",ENSG00000105699
LURAP1L,"bA3L8.2, C9orf150, FLJ38505, MGC46502",ENSG00000153714
LYRM1,A211C6.1,ENSG00000102897
MAN1A1,,ENSG00000111885
MANEA,"FLJ12838, mandaselin",ENSG00000172469
MAOB,,ENSG00000069535
2-Mar,"FLJ20605, MOSC2",ENSG00000117791
MARCO,"SCARA2, SR-A6",ENSG00000019169
MASP1,"CRARF, MASP, PRSS5",ENSG00000127241
METTL7A,DKFZP586A0522,ENSG00000185432
MFSD2A,"FLJ14490, MFSD2",ENSG00000168389
MGAT4B,GnT-Ivb,ENSG00000161013
MGST1,"GST12, MGST-I",ENSG00000008394
MIP,"AQP0, LIM1, MP26",ENSG00000135517
MLXIPL,"bHLHd14, CHREBP, MIO, MONDOB, WBSCR14, WS-bHLH",ENSG00000009950
MMAA,cblA,ENSG00000151611
MMACHC,"cblC, DKFZP564I122",ENSG00000132763
MOCOS,"FLJ20733, HMCS, MOS",ENSG00000075643
MPC1,"BRP44L, CGI-129, dJ68L15.3, SLC54A1",ENSG00000060762
MPDU1,"CDGIf, Lec35, PQLC5, SL15",ENSG00000129255
MPDZ,MUPP1,ENSG00000107186
MPST,"MST, TST2, TUM1",ENSG00000128309
MROH2A,HEATR7B1,ENSG00000185038
MSMO1,"DESP4, ERG25, SC4MOL",ENSG00000052802
MT1A,"MT1, MT1S",ENSG00000205362
MT1E,"MT1, MTD",ENSG00000169715
MT1F,MT1,ENSG00000198417
MT1H,MT1,ENSG00000205358
MT1HL1,MT1P2,ENSG00000244020
MT1M,"MT1, MT1K",ENSG00000205364
MT1X,"MT-1l, MT1",ENSG00000187193
MT2A,MT2,ENSG00000125148
MTCH2,SLC25A50,ENSG00000109919
MTHFS,HsT19268,ENSG00000136371
MUT,,ENSG00000146085
MYO1B,myr1,ENSG00000128641
NAGS,"AGAS, ARGA, NAT7",ENSG00000161653
NIPSNAP1,,ENSG00000184117
NIT2,,ENSG00000114021
NLRP11,"CLR19.6, NALP11, NOD17, PAN10, PYPAF6",ENSG00000179873
NLRP14,"CLR11.2, GC-LRR, Nalp-iota, NALP14, NOD5, PAN8",ENSG00000158077
NNMT,,ENSG00000166741
NPBWR1,GPR7,ENSG00000183729
NR0B2,SHP,ENSG00000131910
NSUN6,"ARL5B-AS1, FLJ23743, NOPD1",ENSG00000241058
NUDT7,,ENSG00000140876
NUGGC,"C8orf80, HMFN0672, SLIP-GC",ENSG00000189233
OAF,MGC52117,ENSG00000184232
OGDHL,FLJ10851,ENSG00000197444
OMP,,ENSG00000254550
OR2B2,"hs6M1-10, OR2B2Q, OR2B9, OR6-1",ENSG00000168131
OR2T12,,ENSG00000177201
OR2V1,"OR2V1P, OST265",ENSG00000185372
OR4K17,,ENSG00000176230
OSGIN1,"BDGI, OKL38",ENSG00000140961
OXER1,"GPCR, GPR170, TG1019",ENSG00000162881
P4HB,"DSI, ERBA2L, GIT, P4Hbeta, PDI, PDIA1, PO4DB, PO4HB, PROHB",ENSG00000185624
PALM2,,ENSG00000243444
PALM3,,ENSG00000187867
PANK1,"MGC24596, PANK, PANK1a, PANK1b",ENSG00000152782
PAPSS2,ATPSK2,ENSG00000198682
PAQR9,FLJ41938,ENSG00000188582
PBLD,"FLJ14767, MAWBP, MAWDBP",ENSG00000108187
PC,PCB,ENSG00000173599
PCBD1,"DCOH, PCBD, PCD",ENSG00000166228
PCCB,,ENSG00000114054
PCSK6,"PACE4, SPC4",ENSG00000140479
PCSK9,"FH3, HCHOLA3, NARC-1",ENSG00000169174
PCTP,STARD2,ENSG00000141179
PDF,,ENSG00000258429
PDIA4,"ERP70, ERP72",ENSG00000155660
PDIA5,"FLJ30401, PDIR",ENSG00000065485
PDXP,"CIN, dJ37E16.5, FLJ32703",ENSG00000241360
PEBP1,"HCNP, PBP, PEBP, RKIP",ENSG00000089220
PECR,"HSA250303, SDR29C1, TERP",ENSG00000115425
PEMT,"PEMPT, PEMT2",ENSG00000133027
PFKFB1,PFRX,ENSG00000158571
PGRMC1,HPR6.6,ENSG00000101856
PHYH,"PAHX, PHYH1, RD",ENSG00000107537
PIK3AP1,"BCAP, FLJ35564",ENSG00000155629
PKLR,,ENSG00000143627
PLA2G2A,"PLA2B, PLA2L",ENSG00000188257
PLIN2,"ADFP, ADRP",ENSG00000147872
PLIN5,"LSDA5, LSDP5, MLDP, OXPAT",ENSG00000214456
PLOD2,LH2,ENSG00000152952
PNPO,PDXPO,ENSG00000108439
PON2,,ENSG00000105854
POR,"CYPOR, FLJ26468",ENSG00000127948
PPARGC1A,"PGC-1alpha, PGC1, PGC1A, PPARGC1",ENSG00000109819
PPP2R1B,"PP2A-Abeta, PR65B",ENSG00000137713
PRAMEF4,RP5-845O24.6,ENSG00000243073
PRG4,"bG174L6.2, CACP, FLJ32635, HAPO, JCAP, MSF, SZP",ENSG00000116690
PROS1,PROS,ENSG00000184500
PROSER2,"C10orf47, MGC35403",ENSG00000148426
PRSS53,POL3S,ENSG00000151006
PSAT1,PSA,ENSG00000135069
PTGR1,"LTB4DH, ZADH3",ENSG00000106853
PTP4A1,"PRL-1, PRL1, PTPCAAX1",ENSG00000112245
PVR,"CD155, HVED, Necl-5, NECL5, PVS, Tage4",ENSG00000073008
PXDC1,C6orf145,ENSG00000168994
PXMP2,PMP22,ENSG00000176894
QDPR,"DHPR, PKU2, SDR33C1",ENSG00000151552
QPRT,QPRTase,ENSG00000103485
RAB17,,ENSG00000124839
RAB26,,ENSG00000167964
RAPH1,"ALS2CR18, ALS2CR9, KIAA1681",ENSG00000173166
RARRES2,"HP10433, TIG2",ENSG00000106538
REEP6,"C19orf32, DP1L1, FLJ25383, Yip2f",ENSG00000115255
RHOD,"ARHD, Rho, RhoD, RhoHP1",ENSG00000173156
RIPPLY1,,ENSG00000147223
RND1,"ARHS, Rho6, RHOS",ENSG00000172602
RNF128,"FLJ23516, GRAIL",ENSG00000133135
SAA2-SAA4,,ENSG00000255071
SALL1,"Hsal1, TBS, ZNF794",ENSG00000103449
SAT2,SSAT2,ENSG00000141504
SC5D,SC5DL,ENSG00000109929
SCARB1,"CD36L1, CLA-1, CLA1, SR-BI, SRB1",ENSG00000073060
SCP2,,ENSG00000116171
SDC1,"CD138, SDC, SYND1, syndecan",ENSG00000115884
SDC2,"CD362, fibroglycan, HSPG, HSPG1, SYND2",ENSG00000169439
SDC4,"amphiglycan, ryudocan, SYND4",ENSG00000124145
SDSL,"cSDH, SDS-RS1",ENSG00000139410
SEBOX,"OG9, OG9X",ENSG00000274529
SEC14L2,"C22orf6, KIAA1186, KIAA1658, SPF, TAP, TAP1",ENSG00000100003
SEC14L3,TAP2,ENSG00000100012
SEC14L4,"dJ130H16.5, TAP3",ENSG00000133488
SELENOP,"SELP, SeP, SEPP, SEPP1",ENSG00000250722
SEMA4G,"FLJ20590, KIAA1619",ENSG00000095539
SEPHS2,"SPS2, SPS2b",ENSG00000179918
SEPSECS,"SLA, SLA/LP",ENSG00000109618
SERINC2,"FKSG84, PRO0899, TDE2, TDE2L",ENSG00000168528
SERPINA4,"KAL, kallistatin, KLST, KST, PI4",ENSG00000100665
SERPINA5,"PAI3, PCI, PLANH3, PROCI",ENSG00000188488
SFXN1,"FLJ12876, SLC56A1",ENSG00000164466
SFXN5,"BBG-TCC, SLC56A5",ENSG00000144040
SGK2,,ENSG00000101049
SHH,"HHG1, HLP3, HPE3, MCOPCB5, SMMCI, TPT, TPTPS",ENSG00000164690
SHMT1,"CSHMT, MGC15229, MGC24556, SHMT",ENSG00000176974
SHMT2,SHMT,ENSG00000182199
SHROOM1,"APXL2, KIAA1960",ENSG00000164403
SIGIRR,"IL-1R8, TIR8",ENSG00000185187
SIGMAR1,"OPRS1, SR-BP1",ENSG00000147955
SLC10A5,,ENSG00000253598
SLC16A2,"AHDS, DXS128, MCT7, MCT8, MRX22, XPCT",ENSG00000147100
SLC17A9,"C20orf59, FLJ23412, VNUT",ENSG00000101194
SLC22A18,"BWR1A, BWSCR1A, IMPT1, ITM, ORCTL2, SLC22A1L, TSSC5",ENSG00000110628
SLC22A18AS,"BWR1B, BWSCR1B, ORCTL2S, p27-BWR1B, SLC22A1LS",ENSG00000254827
SLC23A1,"SLC23A2, SVCT1, YSPL3",ENSG00000170482
SLC25A10,DIC,ENSG00000183048
SLC25A13,"ARALAR2, CITRIN, CTLN2",ENSG00000004864
SLC25A20,"CAC, CACT",ENSG00000178537
SLC25A42,MGC26694,ENSG00000181035
SLC26A1,"EDM4, SAT-1",ENSG00000145217
SLC2A10,GLUT10,ENSG00000197496
SLC30A1,"ZNT1, ZRC1",ENSG00000170385
SLC31A1,"COPT1, CTR1, hCTR1",ENSG00000136868
SLC35C1,"FLJ11320, FUCT1",ENSG00000181830
SLC35D1,"KIAA0260, UGTREL7",ENSG00000116704
SLC37A4,"G6PT1, G6PT2, G6PT3, GSD1b, GSD1c, GSD1d",ENSG00000137700
SLC38A8,,ENSG00000166558
SLC39A14,"KIAA0062, NET34, ZIP14",ENSG00000104635
SLC39A5,,ENSG00000139540
SLC41A2,DKFZP434K0427,ENSG00000136052
SLC43A3,"DKFZp762A227, Eeg1, FOAP-13, PRO1659, SEEEG-1",ENSG00000134802
SLC46A3,"DKFZp686A1775, FLJ42613",ENSG00000139508
SLC47A1,"FLJ10847, MATE1",ENSG00000142494
SLC4A2,"AE2, BND3L, EPB3L1, HKB3, NBND3",ENSG00000164889
SLC5A6,SMVT,ENSG00000138074
SLC6A12,BGT-1,ENSG00000111181
SLC7A2,"ATRC2, CAT-2, HCAT2",ENSG00000003989
SLC9B2,"FLJ23984, NHA2, NHEDC2",ENSG00000164038
SLCO1A2,"OATP, OATP-A, OATP1A2, SLC21A3",ENSG00000084453
SLCO2B1,"OATP-B, OATP2B1, SLC21A9",ENSG00000137491
SLITRK3,KIAA0848,ENSG00000121871
SMOC1,,ENSG00000198732
SNTB1,"59-DAP, A1B, BSYN2, SNT2, SNT2B1, TIP-43",ENSG00000172164
SNX10,,ENSG00000086300
SOCS1,"Cish1, JAB, SOCS-1, SSI-1, TIP3",ENSG00000185338
SOD1,"ALS, ALS1, IPOA",ENSG00000142168
SORD,,ENSG00000140263
SOWAHB,ANKRD56,ENSG00000186212
SPINK14,SPINK5L2,ENSG00000196800
SRD5A1,,ENSG00000145545
SRD5A2,,ENSG00000277893
ST3GAL6,"SIAT10, ST3GALVI",ENSG00000064225
ST6GAL1,SIAT1,ENSG00000073849
STARD10,"CGI-52, NY-CO-28, PCTP2, SDCCAG28",ENSG00000214530
STARD5,MGC10327,ENSG00000172345
STBD1,"FLJ41801, GENX-3414",ENSG00000118804
SUCLG2,,ENSG00000172340
SUGCT,"C7orf10, DERP13, FLJ11808, ORF19",ENSG00000175600
SULT1A1,"P-PST, STP, STP1",ENSG00000196502
SULT1A2,"HAST4, STP2",ENSG00000197165
SULT1E1,"EST, STE",ENSG00000109193
TAC4,"HK-1, PPT-C, Pptc",ENSG00000176358
TAS2R60,T2R60,ENSG00000185899
TBX15,TBX14,ENSG00000092607
TCTEX1D1,FLJ40873,ENSG00000152760
TENM1,"ODZ1, ODZ3, TEN-M1, TNM",ENSG00000009694
TFPI,"EPI, LACI, TFI, TFPI1",ENSG00000003436
TGM2,TGC,ENSG00000198959
THNSL1,"FLJ22002, TSH1",ENSG00000185875
THRSP,"Lpgp, LPGP1, S14, SPOT14, THRP",ENSG00000151365
TIGD2,,ENSG00000180346
TKFC,"DAK, DKFZP586B1621, NET45",ENSG00000149476
TMEM105,FLJ38792,ENSG00000185332
TMEM176A,"HCA112, MS4B1",ENSG00000002933
TMEM176B,"LR8, MS4B2",ENSG00000106565
TMEM220,,ENSG00000187824
TMEM53,"FLJ22353, NET4",ENSG00000126106
TMEM56,FLJ31842,ENSG00000152078
TMEM56-RWDD3,,ENSG00000271092
TMEM86B,MGC30208,ENSG00000180089
TMPRSS9,,ENSG00000178297
TNFSF14,"CD258, HVEM-L, LIGHT, LTg",ENSG00000125735
TRIB3,"C20orf97, dJ1103G7.3, TRB3",ENSG00000101255
TRIM10,"HERF1, RFB30, RNF9",ENSG00000204613
TRPV1,VR1,ENSG00000196689
TSKU,"E2IG4, LRRC54, TSK",ENSG00000182704
TST,RDS,ENSG00000128311
TTC38,FLJ20699,ENSG00000075234
TTC39C,"C18orf17, FLJ33761, HsT2697",ENSG00000168234
UGP2,"UGP1, UGPP1",ENSG00000169764
UGT2B17,,ENSG00000197888
UNC5CL,"MGC34763, ZUD",ENSG00000124602
UNC93A,"dJ366N23.1, dJ366N23.2",ENSG00000112494
VKORC1,VKCFD2,ENSG00000167397
VWCE,"FLJ32009, URG11, VWC1",ENSG00000167992
WNT3,"INT4, MGC131950, MGC138321, MGC138323",ENSG00000108379
XDH,"XO, XOR",ENSG00000158125
XYLB,"FLJ10343, FLJ12539",ENSG00000093217
YIF1A,"54TM, FinGER7, YIF1, YIF1P",ENSG00000174851
Z82190.2,,ENSG00000285404
ZGPAT,"dJ583P15.3, FLJ14972, GPATC6, GPATCH6, KIAA1847, MGC44880, ZC3H9, ZC3HDC9, ZIP",ENSG00000197114
ZNF511-PRAP1,,ENSG00000283496
ZNF648,FLJ46813,ENSG00000179930
